iter	Logloss
0	0.6848330498
1	0.6794359684
2	0.675662756
3	0.6690437794
4	0.6633776426
5	0.6574467421
6	0.6548286676
7	0.6476221085
8	0.6449558735
9	0.6406974792
10	0.6346549988
